image,severity
0.jpeg,severe
1150.jpeg,severe
1293.jpeg,severe
1426.jpeg,severe
15.jpeg,severe
273.jpeg,severe
362.jpeg,severe
515.jpeg,severe
619.jpeg,severe
794.jpeg,severe
1031.jpeg,severe
1159.jpeg,severe
1296.jpeg,severe
1428.jpeg,severe
160.jpeg,severe
278.jpeg,severe
383.jpeg,severe
523.jpeg,severe
61.jpeg,severe
7.jpeg,severe
1051.jpeg,severe
1188.jpeg,severe
1319.jpeg,severe
1440.jpeg,severe
162.jpeg,severe
287.jpeg,severe
391.jpeg,severe
534.jpeg,severe
62.jpeg,severe
820.jpeg,severe
1061.jpeg,severe
118.jpeg,severe
131.jpeg,severe
1441.jpeg,severe
176.jpeg,severe
293.jpeg,severe
399.jpeg,severe
53.jpeg,severe
632.jpeg,severe
82.jpeg,severe
1071.jpeg,severe
1197.jpeg,severe
1344.jpeg,severe
1455.jpeg,severe
177.jpeg,severe
294.jpeg,severe
39.jpeg,severe
541.jpeg,severe
637.jpeg,severe
839.jpeg,severe
1077.jpeg,severe
1206.jpeg,severe
1354.jpeg,severe
1456.jpeg,severe
194.jpeg,severe
297.jpeg,severe
40.jpeg,severe
542.jpeg,severe
646.jpeg,severe
864.jpeg,severe
1098.jpeg,severe
120.jpeg,severe
1357.jpeg,severe
1461.jpeg,severe
19.jpeg,severe
298.jpeg,severe
412.jpeg,severe
549.jpeg,severe
671.jpeg,severe
878.jpeg,severe
1105.jpeg,severe
1210.jpeg,severe
1361.jpeg,severe
1470.jpeg,severe
216.jpeg,severe
313.jpeg,severe
416.jpeg,severe
553.jpeg,severe
689.jpeg,severe
917.jpeg,severe
1108.jpeg,severe
1218.jpeg,severe
1363.jpeg,severe
1480.jpeg,severe
227.jpeg,severe
315.jpeg,severe
432.jpeg,severe
557.jpeg,severe
69.jpeg,severe
919.jpeg,severe
1121.jpeg,severe
1236.jpeg,severe
1382.jpeg,severe
1483.jpeg,severe
231.jpeg,severe
31.jpeg,severe
433.jpeg,severe
563.jpeg,severe
705.jpeg,severe
922.jpeg,severe
1124.jpeg,severe
1237.jpeg,severe
1383.jpeg,severe
1486.jpeg,severe
242.jpeg,severe
322.jpeg,severe
440.jpeg,severe
567.jpeg,severe
738.jpeg,severe
938.jpeg,severe
1126.jpeg,severe
1265.jpeg,severe
1387.jpeg,severe
1489.jpeg,severe
251.jpeg,severe
330.jpeg,severe
447.jpeg,severe
583.jpeg,severe
744.jpeg,severe
94.jpeg,severe
1142.jpeg,severe
1268.jpeg,severe
1398.jpeg,severe
1494.jpeg,severe
255.jpeg,severe
339.jpeg,severe
495.jpeg,severe
59.jpeg,severe
74.jpeg,severe
96.jpeg,severe
1143.jpeg,severe
1288.jpeg,severe
1403.jpeg,severe
154.jpeg,severe
257.jpeg,severe
33.jpeg,severe
503.jpeg,severe
5.jpeg,severe
77.jpeg,severe
994.jpeg,severe
114.jpeg,severe
128.jpeg,severe
1423.jpeg,severe
157.jpeg,severe
271.jpeg,severe
344.jpeg,severe
505.jpeg,severe
602.jpeg,severe
791.jpeg,severe
9.jpeg,severe
1007.jpeg,moderate
1075.jpeg,moderate
1123.jpeg,moderate
1250.jpeg,moderate
1345.jpeg,moderate
1439.jpeg,moderate
164.jpeg,moderate
253.jpeg,moderate
350.jpeg,moderate
455.jpeg,moderate
493.jpeg,moderate
577.jpeg,moderate
652.jpeg,moderate
699.jpeg,moderate
754.jpeg,moderate
821.jpeg,moderate
892.jpeg,moderate
1010.jpeg,moderate
1081.jpeg,moderate
1135.jpeg,moderate
1253.jpeg,moderate
1347.jpeg,moderate
1447.jpeg,moderate
165.jpeg,moderate
256.jpeg,moderate
363.jpeg,moderate
456.jpeg,moderate
497.jpeg,moderate
579.jpeg,moderate
655.jpeg,moderate
703.jpeg,moderate
761.jpeg,moderate
830.jpeg,moderate
914.jpeg,moderate
1013.jpeg,moderate
1089.jpeg,moderate
1138.jpeg,moderate
1261.jpeg,moderate
1353.jpeg,moderate
1451.jpeg,moderate
166.jpeg,moderate
259.jpeg,moderate
365.jpeg,moderate
460.jpeg,moderate
498.jpeg,moderate
582.jpeg,moderate
659.jpeg,moderate
711.jpeg,moderate
762.jpeg,moderate
835.jpeg,moderate
916.jpeg,moderate
1017.jpeg,moderate
108.jpeg,moderate
1156.jpeg,moderate
1263.jpeg,moderate
1359.jpeg,moderate
1458.jpeg,moderate
16.jpeg,moderate
286.jpeg,moderate
368.jpeg,moderate
466.jpeg,moderate
49.jpeg,moderate
58.jpeg,moderate
666.jpeg,moderate
712.jpeg,moderate
767.jpeg,moderate
838.jpeg,moderate
930.jpeg,moderate
1020.jpeg,moderate
1090.jpeg,moderate
1163.jpeg,moderate
1274.jpeg,moderate
1365.jpeg,moderate
1459.jpeg,moderate
17.jpeg,moderate
290.jpeg,moderate
378.jpeg,moderate
467.jpeg,moderate
50.jpeg,moderate
590.jpeg,moderate
667.jpeg,moderate
713.jpeg,moderate
768.jpeg,moderate
842.jpeg,moderate
935.jpeg,moderate
1026.jpeg,moderate
109.jpeg,moderate
1166.jpeg,moderate
1276.jpeg,moderate
1377.jpeg,moderate
1464.jpeg,moderate
185.jpeg,moderate
302.jpeg,moderate
400.jpeg,moderate
46.jpeg,moderate
526.jpeg,moderate
594.jpeg,moderate
675.jpeg,moderate
719.jpeg,moderate
769.jpeg,moderate
849.jpeg,moderate
940.jpeg,moderate
1032.jpeg,moderate
1101.jpeg,moderate
1173.jpeg,moderate
1284.jpeg,moderate
1386.jpeg,moderate
1473.jpeg,moderate
186.jpeg,moderate
305.jpeg,moderate
403.jpeg,moderate
476.jpeg,moderate
546.jpeg,moderate
601.jpeg,moderate
678.jpeg,moderate
720.jpeg,moderate
782.jpeg,moderate
858.jpeg,moderate
962.jpeg,moderate
1039.jpeg,moderate
1103.jpeg,moderate
117.jpeg,moderate
1289.jpeg,moderate
1389.jpeg,moderate
1479.jpeg,moderate
187.jpeg,moderate
307.jpeg,moderate
406.jpeg,moderate
479.jpeg,moderate
552.jpeg,moderate
603.jpeg,moderate
67.jpeg,moderate
721.jpeg,moderate
78.jpeg,moderate
859.jpeg,moderate
972.jpeg,moderate
103.jpeg,moderate
1107.jpeg,moderate
1189.jpeg,moderate
12.jpeg,moderate
1394.jpeg,moderate
1484.jpeg,moderate
200.jpeg,moderate
316.jpeg,moderate
407.jpeg,moderate
47.jpeg,moderate
555.jpeg,moderate
604.jpeg,moderate
680.jpeg,moderate
722.jpeg,moderate
790.jpeg,moderate
860.jpeg,moderate
973.jpeg,moderate
1041.jpeg,moderate
110.jpeg,moderate
1193.jpeg,moderate
1306.jpeg,moderate
1396.jpeg,moderate
148.jpeg,moderate
201.jpeg,moderate
321.jpeg,moderate
413.jpeg,moderate
482.jpeg,moderate
55.jpeg,moderate
605.jpeg,moderate
683.jpeg,moderate
724.jpeg,moderate
805.jpeg,moderate
862.jpeg,moderate
978.jpeg,moderate
1045.jpeg,moderate
1116.jpeg,moderate
1198.jpeg,moderate
1311.jpeg,moderate
13.jpeg,moderate
1490.jpeg,moderate
203.jpeg,moderate
323.jpeg,moderate
419.jpeg,moderate
483.jpeg,moderate
560.jpeg,moderate
609.jpeg,moderate
688.jpeg,moderate
726.jpeg,moderate
806.jpeg,moderate
865.jpeg,moderate
981.jpeg,moderate
1049.jpeg,moderate
1117.jpeg,moderate
1205.jpeg,moderate
1316.jpeg,moderate
1402.jpeg,moderate
1496.jpeg,moderate
20.jpeg,moderate
328.jpeg,moderate
421.jpeg,moderate
484.jpeg,moderate
562.jpeg,moderate
60.jpeg,moderate
68.jpeg,moderate
730.jpeg,moderate
807.jpeg,moderate
867.jpeg,moderate
985.jpeg,moderate
1066.jpeg,moderate
1118.jpeg,moderate
1216.jpeg,moderate
1327.jpeg,moderate
1416.jpeg,moderate
1511.jpeg,moderate
213.jpeg,moderate
331.jpeg,moderate
425.jpeg,moderate
485.jpeg,moderate
565.jpeg,moderate
610.jpeg,moderate
690.jpeg,moderate
731.jpeg,moderate
810.jpeg,moderate
87.jpeg,moderate
991.jpeg,moderate
1073.jpeg,moderate
111.jpeg,moderate
1220.jpeg,moderate
1340.jpeg,moderate
141.jpeg,moderate
152.jpeg,moderate
220.jpeg,moderate
345.jpeg,moderate
427.jpeg,moderate
489.jpeg,moderate
568.jpeg,moderate
629.jpeg,moderate
693.jpeg,moderate
732.jpeg,moderate
811.jpeg,moderate
882.jpeg,moderate
993.jpeg,moderate
1074.jpeg,moderate
1122.jpeg,moderate
1243.jpeg,moderate
1342.jpeg,moderate
1420.jpeg,moderate
156.jpeg,moderate
22.jpeg,moderate
346.jpeg,moderate
435.jpeg,moderate
492.jpeg,moderate
569.jpeg,moderate
642.jpeg,moderate
698.jpeg,moderate
750.jpeg,moderate
812.jpeg,moderate
88.jpeg,moderate
1000.jpeg,minor
107.jpeg,minor
1167.jpeg,minor
1241.jpeg,minor
1318.jpeg,minor
139.jpeg,minor
147.jpeg,minor
206.jpeg,minor
281.jpeg,minor
367.jpeg,minor
446.jpeg,minor
52.jpeg,minor
622.jpeg,minor
706.jpeg,minor
788.jpeg,minor
871.jpeg,minor
943.jpeg,minor
1001.jpeg,minor
1080.jpeg,minor
1168.jpeg,minor
1242.jpeg,minor
1320.jpeg,minor
1400.jpeg,minor
1481.jpeg,minor
207.jpeg,minor
282.jpeg,minor
369.jpeg,minor
448.jpeg,minor
530.jpeg,minor
623.jpeg,minor
707.jpeg,minor
789.jpeg,minor
872.jpeg,minor
944.jpeg,minor
1002.jpeg,minor
1082.jpeg,minor
1169.jpeg,minor
1244.jpeg,minor
1321.jpeg,minor
1401.jpeg,minor
1482.jpeg,minor
208.jpeg,minor
283.jpeg,minor
36.jpeg,minor
449.jpeg,minor
531.jpeg,minor
624.jpeg,minor
708.jpeg,minor
792.jpeg,minor
873.jpeg,minor
945.jpeg,minor
1003.jpeg,minor
1083.jpeg,minor
116.jpeg,minor
1245.jpeg,minor
1322.jpeg,minor
1404.jpeg,minor
1485.jpeg,minor
209.jpeg,minor
284.jpeg,minor
370.jpeg,minor
44.jpeg,minor
532.jpeg,minor
625.jpeg,minor
709.jpeg,minor
793.jpeg,minor
874.jpeg,minor
946.jpeg,minor
1004.jpeg,minor
1084.jpeg,minor
1170.jpeg,minor
1246.jpeg,minor
1323.jpeg,minor
1405.jpeg,minor
1487.jpeg,minor
210.jpeg,minor
285.jpeg,minor
371.jpeg,minor
450.jpeg,minor
533.jpeg,minor
626.jpeg,minor
70.jpeg,minor
795.jpeg,minor
875.jpeg,minor
947.jpeg,minor
1005.jpeg,minor
1085.jpeg,minor
1171.jpeg,minor
1247.jpeg,minor
1324.jpeg,minor
1406.jpeg,minor
1488.jpeg,minor
211.jpeg,minor
288.jpeg,minor
372.jpeg,minor
451.jpeg,minor
535.jpeg,minor
627.jpeg,minor
710.jpeg,minor
796.jpeg,minor
876.jpeg,minor
948.jpeg,minor
1006.jpeg,minor
1086.jpeg,minor
1172.jpeg,minor
1248.jpeg,minor
1325.jpeg,minor
1407.jpeg,minor
1491.jpeg,minor
212.jpeg,minor
289.jpeg,minor
373.jpeg,minor
452.jpeg,minor
536.jpeg,minor
628.jpeg,minor
714.jpeg,minor
797.jpeg,minor
877.jpeg,minor
949.jpeg,minor
1008.jpeg,minor
1087.jpeg,minor
1174.jpeg,minor
1249.jpeg,minor
1326.jpeg,minor
1408.jpeg,minor
1492.jpeg,minor
214.jpeg,minor
28.jpeg,minor
374.jpeg,minor
453.jpeg,minor
537.jpeg,minor
630.jpeg,minor
715.jpeg,minor
798.jpeg,minor
879.jpeg,minor
950.jpeg,minor
1009.jpeg,minor
1088.jpeg,minor
1175.jpeg,minor
124.jpeg,minor
1328.jpeg,minor
1409.jpeg,minor
1493.jpeg,minor
215.jpeg,minor
291.jpeg,minor
375.jpeg,minor
454.jpeg,minor
538.jpeg,minor
631.jpeg,minor
716.jpeg,minor
799.jpeg,minor
880.jpeg,minor
951.jpeg,minor
100.jpeg,minor
1091.jpeg,minor
1176.jpeg,minor
1251.jpeg,minor
1329.jpeg,minor
140.jpeg,minor
1495.jpeg,minor
217.jpeg,minor
292.jpeg,minor
376.jpeg,minor
457.jpeg,minor
539.jpeg,minor
633.jpeg,minor
717.jpeg,minor
79.jpeg,minor
881.jpeg,minor
952.jpeg,minor
1011.jpeg,minor
1092.jpeg,minor
1177.jpeg,minor
1252.jpeg,minor
132.jpeg,minor
1410.jpeg,minor
1497.jpeg,minor
218.jpeg,minor
295.jpeg,minor
377.jpeg,minor
458.jpeg,minor
540.jpeg,minor
634.jpeg,minor
718.jpeg,minor
800.jpeg,minor
883.jpeg,minor
953.jpeg,minor
1012.jpeg,minor
1093.jpeg,minor
1178.jpeg,minor
1254.jpeg,minor
1330.jpeg,minor
1411.jpeg,minor
1498.jpeg,minor
219.jpeg,minor
296.jpeg,minor
379.jpeg,minor
459.jpeg,minor
543.jpeg,minor
635.jpeg,minor
71.jpeg,minor
801.jpeg,minor
884.jpeg,minor
954.jpeg,minor
1014.jpeg,minor
1094.jpeg,minor
1179.jpeg,minor
1255.jpeg,minor
1331.jpeg,minor
1412.jpeg,minor
1499.jpeg,minor
21.jpeg,minor
299.jpeg,minor
37.jpeg,minor
45.jpeg,minor
544.jpeg,minor
636.jpeg,minor
723.jpeg,minor
802.jpeg,minor
885.jpeg,minor
955.jpeg,minor
1015.jpeg,minor
1095.jpeg,minor
1180.jpeg,minor
1256.jpeg,minor
1332.jpeg,minor
1413.jpeg,minor
149.jpeg,minor
221.jpeg,minor
29.jpeg,minor
380.jpeg,minor
461.jpeg,minor
545.jpeg,minor
638.jpeg,minor
725.jpeg,minor
803.jpeg,minor
886.jpeg,minor
956.jpeg,minor
1016.jpeg,minor
1096.jpeg,minor
1181.jpeg,minor
1257.jpeg,minor
1333.jpeg,minor
1414.jpeg,minor
14.jpeg,minor
222.jpeg,minor
2.jpeg,minor
381.jpeg,minor
462.jpeg,minor
547.jpeg,minor
639.jpeg,minor
727.jpeg,minor
804.jpeg,minor
887.jpeg,minor
957.jpeg,minor
1018.jpeg,minor
1097.jpeg,minor
1182.jpeg,minor
1258.jpeg,minor
1334.jpeg,minor
1415.jpeg,minor
1500.jpeg,minor
223.jpeg,minor
300.jpeg,minor
382.jpeg,minor
463.jpeg,minor
548.jpeg,minor
63.jpeg,minor
728.jpeg,minor
808.jpeg,minor
888.jpeg,minor
958.jpeg,minor
1019.jpeg,minor
1099.jpeg,minor
1183.jpeg,minor
1259.jpeg,minor
1335.jpeg,minor
1417.jpeg,minor
1501.jpeg,minor
224.jpeg,minor
301.jpeg,minor
384.jpeg,minor
464.jpeg,minor
54.jpeg,minor
640.jpeg,minor
729.jpeg,minor
809.jpeg,minor
889.jpeg,minor
959.jpeg,minor
101.jpeg,minor
10.jpeg,minor
1184.jpeg,minor
125.jpeg,minor
1336.jpeg,minor
1418.jpeg,minor
1502.jpeg,minor
225.jpeg,minor
303.jpeg,minor
385.jpeg,minor
465.jpeg,minor
550.jpeg,minor
641.jpeg,minor
72.jpeg,minor
80.jpeg,minor
890.jpeg,minor
95.jpeg,minor
1021.jpeg,minor
1100.jpeg,minor
1185.jpeg,minor
1260.jpeg,minor
1337.jpeg,minor
1419.jpeg,minor
1503.jpeg,minor
226.jpeg,minor
304.jpeg,minor
386.jpeg,minor
468.jpeg,minor
551.jpeg,minor
643.jpeg,minor
733.jpeg,minor
813.jpeg,minor
891.jpeg,minor
960.jpeg,minor
1022.jpeg,minor
1102.jpeg,minor
1186.jpeg,minor
1262.jpeg,minor
1338.jpeg,minor
1421.jpeg,minor
1504.jpeg,minor
228.jpeg,minor
306.jpeg,minor
387.jpeg,minor
469.jpeg,minor
554.jpeg,minor
644.jpeg,minor
734.jpeg,minor
814.jpeg,minor
893.jpeg,minor
961.jpeg,minor
1023.jpeg,minor
1104.jpeg,minor
1187.jpeg,minor
1264.jpeg,minor
1339.jpeg,minor
1422.jpeg,minor
1505.jpeg,minor
229.jpeg,minor
308.jpeg,minor
388.jpeg,minor
470.jpeg,minor
556.jpeg,minor
645.jpeg,minor
735.jpeg,minor
815.jpeg,minor
894.jpeg,minor
963.jpeg,minor
1024.jpeg,minor
1106.jpeg,minor
1190.jpeg,minor
1266.jpeg,minor
133.jpeg,minor
1424.jpeg,minor
1506.jpeg,minor
230.jpeg,minor
309.jpeg,minor
389.jpeg,minor
471.jpeg,minor
558.jpeg,minor
647.jpeg,minor
736.jpeg,minor
816.jpeg,minor
895.jpeg,minor
964.jpeg,minor
1025.jpeg,minor
1109.jpeg,minor
1191.jpeg,minor
1267.jpeg,minor
1341.jpeg,minor
1425.jpeg,minor
1507.jpeg,minor
232.jpeg,minor
30.jpeg,minor
38.jpeg,minor
472.jpeg,minor
559.jpeg,minor
648.jpeg,minor
737.jpeg,minor
817.jpeg,minor
896.jpeg,minor
965.jpeg,minor
1027.jpeg,minor
1110.jpeg,minor
1192.jpeg,minor
1269.jpeg,minor
1343.jpeg,minor
1427.jpeg,minor
1508.jpeg,minor
233.jpeg,minor
310.jpeg,minor
390.jpeg,minor
473.jpeg,minor
561.jpeg,minor
649.jpeg,minor
739.jpeg,minor
818.jpeg,minor
897.jpeg,minor
966.jpeg,minor
1028.jpeg,minor
1111.jpeg,minor
1194.jpeg,minor
126.jpeg,minor
1346.jpeg,minor
1429.jpeg,minor
1509.jpeg,minor
234.jpeg,minor
311.jpeg,minor
392.jpeg,minor
474.jpeg,minor
564.jpeg,minor
64.jpeg,minor
73.jpeg,minor
819.jpeg,minor
898.jpeg,minor
967.jpeg,minor
1029.jpeg,minor
1112.jpeg,minor
1195.jpeg,minor
1270.jpeg,minor
1348.jpeg,minor
142.jpeg,minor
150.jpeg,minor
235.jpeg,minor
312.jpeg,minor
393.jpeg,minor
475.jpeg,minor
566.jpeg,minor
650.jpeg,minor
740.jpeg,minor
81.jpeg,minor
899.jpeg,minor
968.jpeg,minor
102.jpeg,minor
1113.jpeg,minor
1196.jpeg,minor
1271.jpeg,minor
1349.jpeg,minor
1430.jpeg,minor
1510.jpeg,minor
236.jpeg,minor
314.jpeg,minor
394.jpeg,minor
477.jpeg,minor
56.jpeg,minor
651.jpeg,minor
741.jpeg,minor
822.jpeg,minor
89.jpeg,minor
969.jpeg,minor
1030.jpeg,minor
1114.jpeg,minor
1199.jpeg,minor
1272.jpeg,minor
134.jpeg,minor
1431.jpeg,minor
151.jpeg,minor
237.jpeg,minor
317.jpeg,minor
395.jpeg,minor
478.jpeg,minor
570.jpeg,minor
653.jpeg,minor
742.jpeg,minor
823.jpeg,minor
8.jpeg,minor
970.jpeg,minor
1033.jpeg,minor
1115.jpeg,minor
119.jpeg,minor
1273.jpeg,minor
1350.jpeg,minor
1432.jpeg,minor
153.jpeg,minor
238.jpeg,minor
318.jpeg,minor
396.jpeg,minor
480.jpeg,minor
571.jpeg,minor
654.jpeg,minor
743.jpeg,minor
824.jpeg,minor
900.jpeg,minor
971.jpeg,minor
1034.jpeg,minor
1119.jpeg,minor
11.jpeg,minor
1275.jpeg,minor
1351.jpeg,minor
1433.jpeg,minor
155.jpeg,minor
239.jpeg,minor
319.jpeg,minor
397.jpeg,minor
481.jpeg,minor
572.jpeg,minor
656.jpeg,minor
745.jpeg,minor
825.jpeg,minor
901.jpeg,minor
974.jpeg,minor
1035.jpeg,minor
1120.jpeg,minor
1200.jpeg,minor
1277.jpeg,minor
1352.jpeg,minor
1434.jpeg,minor
158.jpeg,minor
23.jpeg,minor
320.jpeg,minor
398.jpeg,minor
486.jpeg,minor
573.jpeg,minor
657.jpeg,minor
746.jpeg,minor
826.jpeg,minor
902.jpeg,minor
975.jpeg,minor
1036.jpeg,minor
1125.jpeg,minor
1201.jpeg,minor
1278.jpeg,minor
1355.jpeg,minor
1435.jpeg,minor
159.jpeg,minor
240.jpeg,minor
324.jpeg,minor
3.jpeg,minor
487.jpeg,minor
574.jpeg,minor
658.jpeg,minor
747.jpeg,minor
827.jpeg,minor
903.jpeg,minor
976.jpeg,minor
1037.jpeg,minor
1127.jpeg,minor
1202.jpeg,minor
1279.jpeg,minor
1356.jpeg,minor
1436.jpeg,minor
161.jpeg,minor
241.jpeg,minor
325.jpeg,minor
401.jpeg,minor
488.jpeg,minor
575.jpeg,minor
65.jpeg,minor
748.jpeg,minor
828.jpeg,minor
904.jpeg,minor
977.jpeg,minor
1038.jpeg,minor
1128.jpeg,minor
1203.jpeg,minor
127.jpeg,minor
1358.jpeg,minor
1437.jpeg,minor
163.jpeg,minor
243.jpeg,minor
326.jpeg,minor
402.jpeg,minor
48.jpeg,minor
576.jpeg,minor
660.jpeg,minor
749.jpeg,minor
829.jpeg,minor
905.jpeg,minor
979.jpeg,minor
1040.jpeg,minor
1129.jpeg,minor
1204.jpeg,minor
1280.jpeg,minor
135.jpeg,minor
1438.jpeg,minor
167.jpeg,minor
244.jpeg,minor
327.jpeg,minor
404.jpeg,minor
490.jpeg,minor
578.jpeg,minor
661.jpeg,minor
751.jpeg,minor
831.jpeg,minor
906.jpeg,minor
97.jpeg,minor
1042.jpeg,minor
112.jpeg,minor
1207.jpeg,minor
1281.jpeg,minor
1360.jpeg,minor
143.jpeg,minor
168.jpeg,minor
245.jpeg,minor
329.jpeg,minor
405.jpeg,minor
491.jpeg,minor
57.jpeg,minor
662.jpeg,minor
752.jpeg,minor
832.jpeg,minor
907.jpeg,minor
980.jpeg,minor
1043.jpeg,minor
1130.jpeg,minor
1208.jpeg,minor
1282.jpeg,minor
1362.jpeg,minor
1442.jpeg,minor
169.jpeg,minor
246.jpeg,minor
32.jpeg,minor
408.jpeg,minor
494.jpeg,minor
580.jpeg,minor
663.jpeg,minor
753.jpeg,minor
833.jpeg,minor
908.jpeg,minor
982.jpeg,minor
1044.jpeg,minor
1131.jpeg,minor
1209.jpeg,minor
1283.jpeg,minor
1364.jpeg,minor
1443.jpeg,minor
170.jpeg,minor
247.jpeg,minor
332.jpeg,minor
409.jpeg,minor
496.jpeg,minor
581.jpeg,minor
664.jpeg,minor
755.jpeg,minor
834.jpeg,minor
909.jpeg,minor
983.jpeg,minor
1046.jpeg,minor
1132.jpeg,minor
1211.jpeg,minor
1285.jpeg,minor
1366.jpeg,minor
1444.jpeg,minor
171.jpeg,minor
248.jpeg,minor
333.jpeg,minor
410.jpeg,minor
499.jpeg,minor
584.jpeg,minor
665.jpeg,minor
756.jpeg,minor
836.jpeg,minor
90.jpeg,minor
984.jpeg,minor
1047.jpeg,minor
1133.jpeg,minor
1212.jpeg,minor
1286.jpeg,minor
1367.jpeg,minor
1445.jpeg,minor
172.jpeg,minor
249.jpeg,minor
334.jpeg,minor
411.jpeg,minor
4.jpeg,minor
585.jpeg,minor
668.jpeg,minor
757.jpeg,minor
837.jpeg,minor
910.jpeg,minor
986.jpeg,minor
1048.jpeg,minor
1134.jpeg,minor
1213.jpeg,minor
1287.jpeg,minor
1368.jpeg,minor
1446.jpeg,minor
173.jpeg,minor
24.jpeg,minor
335.jpeg,minor
414.jpeg,minor
500.jpeg,minor
586.jpeg,minor
669.jpeg,minor
758.jpeg,minor
83.jpeg,minor
911.jpeg,minor
987.jpeg,minor
104.jpeg,minor
1136.jpeg,minor
1214.jpeg,minor
1290.jpeg,minor
1369.jpeg,minor
1448.jpeg,minor
174.jpeg,minor
250.jpeg,minor
336.jpeg,minor
415.jpeg,minor
501.jpeg,minor
587.jpeg,minor
66.jpeg,minor
759.jpeg,minor
840.jpeg,minor
912.jpeg,minor
988.jpeg,minor
1050.jpeg,minor
1137.jpeg,minor
1215.jpeg,minor
1291.jpeg,minor
136.jpeg,minor
1449.jpeg,minor
175.jpeg,minor
252.jpeg,minor
337.jpeg,minor
417.jpeg,minor
502.jpeg,minor
588.jpeg,minor
670.jpeg,minor
75.jpeg,minor
841.jpeg,minor
913.jpeg,minor
989.jpeg,minor
1052.jpeg,minor
1139.jpeg,minor
1217.jpeg,minor
1292.jpeg,minor
1370.jpeg,minor
144.jpeg,minor
178.jpeg,minor
254.jpeg,minor
338.jpeg,minor
418.jpeg,minor
504.jpeg,minor
589.jpeg,minor
672.jpeg,minor
760.jpeg,minor
843.jpeg,minor
915.jpeg,minor
98.jpeg,minor
1053.jpeg,minor
113.jpeg,minor
1219.jpeg,minor
1294.jpeg,minor
1371.jpeg,minor
1450.jpeg,minor
179.jpeg,minor
258.jpeg,minor
340.jpeg,minor
41.jpeg,minor
506.jpeg,minor
591.jpeg,minor
673.jpeg,minor
763.jpeg,minor
844.jpeg,minor
918.jpeg,minor
990.jpeg,minor
1054.jpeg,minor
1140.jpeg,minor
121.jpeg,minor
1295.jpeg,minor
1372.jpeg,minor
1452.jpeg,minor
180.jpeg,minor
25.jpeg,minor
341.jpeg,minor
420.jpeg,minor
507.jpeg,minor
592.jpeg,minor
674.jpeg,minor
764.jpeg,minor
845.jpeg,minor
91.jpeg,minor
992.jpeg,minor
1055.jpeg,minor
1141.jpeg,minor
1221.jpeg,minor
1297.jpeg,minor
1373.jpeg,minor
1453.jpeg,minor
181.jpeg,minor
260.jpeg,minor
342.jpeg,minor
422.jpeg,minor
508.jpeg,minor
593.jpeg,minor
676.jpeg,minor
765.jpeg,minor
846.jpeg,minor
920.jpeg,minor
995.jpeg,minor
1056.jpeg,minor
1144.jpeg,minor
1222.jpeg,minor
1298.jpeg,minor
1374.jpeg,minor
1454.jpeg,minor
182.jpeg,minor
261.jpeg,minor
343.jpeg,minor
423.jpeg,minor
509.jpeg,minor
595.jpeg,minor
677.jpeg,minor
766.jpeg,minor
847.jpeg,minor
921.jpeg,minor
996.jpeg,minor
1057.jpeg,minor
1145.jpeg,minor
1223.jpeg,minor
1299.jpeg,minor
1375.jpeg,minor
1457.jpeg,minor
183.jpeg,minor
262.jpeg,minor
347.jpeg,minor
424.jpeg,minor
510.jpeg,minor
596.jpeg,minor
679.jpeg,minor
76.jpeg,minor
848.jpeg,minor
923.jpeg,minor
997.jpeg,minor
1058.jpeg,minor
1146.jpeg,minor
1224.jpeg,minor
129.jpeg,minor
1376.jpeg,minor
145.jpeg,minor
184.jpeg,minor
263.jpeg,minor
348.jpeg,minor
426.jpeg,minor
511.jpeg,minor
597.jpeg,minor
681.jpeg,minor
770.jpeg,minor
84.jpeg,minor
924.jpeg,minor
998.jpeg,minor
1059.jpeg,minor
1147.jpeg,minor
1225.jpeg,minor
1300.jpeg,minor
1378.jpeg,minor
1460.jpeg,minor
188.jpeg,minor
264.jpeg,minor
349.jpeg,minor
428.jpeg,minor
512.jpeg,minor
598.jpeg,minor
682.jpeg,minor
771.jpeg,minor
850.jpeg,minor
925.jpeg,minor
999.jpeg,minor
105.jpeg,minor
1148.jpeg,minor
1226.jpeg,minor
1301.jpeg,minor
1379.jpeg,minor
1462.jpeg,minor
189.jpeg,minor
265.jpeg,minor
34.jpeg,minor
429.jpeg,minor
513.jpeg,minor
599.jpeg,minor
684.jpeg,minor
772.jpeg,minor
851.jpeg,minor
926.jpeg,minor
99.jpeg,minor
1060.jpeg,minor
1149.jpeg,minor
1227.jpeg,minor
1302.jpeg,minor
137.jpeg,minor
1463.jpeg,minor
18.jpeg,minor
266.jpeg,minor
351.jpeg,minor
42.jpeg,minor
514.jpeg,minor
600.jpeg,minor
685.jpeg,minor
773.jpeg,minor
852.jpeg,minor
927.jpeg,minor
1062.jpeg,minor
1151.jpeg,minor
1228.jpeg,minor
1303.jpeg,minor
1380.jpeg,minor
1465.jpeg,minor
190.jpeg,minor
267.jpeg,minor
352.jpeg,minor
430.jpeg,minor
516.jpeg,minor
606.jpeg,minor
686.jpeg,minor
774.jpeg,minor
853.jpeg,minor
928.jpeg,minor
1063.jpeg,minor
1152.jpeg,minor
1229.jpeg,minor
1304.jpeg,minor
1381.jpeg,minor
1466.jpeg,minor
191.jpeg,minor
268.jpeg,minor
353.jpeg,minor
431.jpeg,minor
517.jpeg,minor
607.jpeg,minor
687.jpeg,minor
775.jpeg,minor
854.jpeg,minor
929.jpeg,minor
1064.jpeg,minor
1153.jpeg,minor
122.jpeg,minor
1305.jpeg,minor
1384.jpeg,minor
1467.jpeg,minor
192.jpeg,minor
269.jpeg,minor
354.jpeg,minor
434.jpeg,minor
518.jpeg,minor
608.jpeg,minor
691.jpeg,minor
776.jpeg,minor
855.jpeg,minor
92.jpeg,minor
1065.jpeg,minor
1154.jpeg,minor
1230.jpeg,minor
1307.jpeg,minor
1385.jpeg,minor
1468.jpeg,minor
193.jpeg,minor
26.jpeg,minor
355.jpeg,minor
436.jpeg,minor
519.jpeg,minor
611.jpeg,minor
692.jpeg,minor
777.jpeg,minor
856.jpeg,minor
931.jpeg,minor
1067.jpeg,minor
1155.jpeg,minor
1231.jpeg,minor
1308.jpeg,minor
1388.jpeg,minor
1469.jpeg,minor
195.jpeg,minor
270.jpeg,minor
356.jpeg,minor
437.jpeg,minor
51.jpeg,minor
612.jpeg,minor
694.jpeg,minor
778.jpeg,minor
857.jpeg,minor
932.jpeg,minor
1068.jpeg,minor
1157.jpeg,minor
1232.jpeg,minor
1309.jpeg,minor
138.jpeg,minor
146.jpeg,minor
196.jpeg,minor
272.jpeg,minor
357.jpeg,minor
438.jpeg,minor
520.jpeg,minor
613.jpeg,minor
695.jpeg,minor
779.jpeg,minor
85.jpeg,minor
933.jpeg,minor
1069.jpeg,minor
1158.jpeg,minor
1233.jpeg,minor
130.jpeg,minor
1390.jpeg,minor
1471.jpeg,minor
197.jpeg,minor
274.jpeg,minor
358.jpeg,minor
439.jpeg,minor
521.jpeg,minor
614.jpeg,minor
696.jpeg,minor
780.jpeg,minor
861.jpeg,minor
934.jpeg,minor
106.jpeg,minor
115.jpeg,minor
1234.jpeg,minor
1310.jpeg,minor
1391.jpeg,minor
1472.jpeg,minor
198.jpeg,minor
275.jpeg,minor
359.jpeg,minor
43.jpeg,minor
522.jpeg,minor
615.jpeg,minor
697.jpeg,minor
781.jpeg,minor
863.jpeg,minor
936.jpeg,minor
1070.jpeg,minor
1160.jpeg,minor
1235.jpeg,minor
1312.jpeg,minor
1392.jpeg,minor
1474.jpeg,minor
199.jpeg,minor
276.jpeg,minor
35.jpeg,minor
441.jpeg,minor
524.jpeg,minor
616.jpeg,minor
6.jpeg,minor
783.jpeg,minor
866.jpeg,minor
937.jpeg,minor
1072.jpeg,minor
1161.jpeg,minor
1238.jpeg,minor
1313.jpeg,minor
1393.jpeg,minor
1475.jpeg,minor
1.jpeg,minor
277.jpeg,minor
360.jpeg,minor
442.jpeg,minor
525.jpeg,minor
617.jpeg,minor
700.jpeg,minor
784.jpeg,minor
868.jpeg,minor
939.jpeg,minor
1076.jpeg,minor
1162.jpeg,minor
1239.jpeg,minor
1314.jpeg,minor
1395.jpeg,minor
1476.jpeg,minor
202.jpeg,minor
279.jpeg,minor
361.jpeg,minor
443.jpeg,minor
527.jpeg,minor
618.jpeg,minor
701.jpeg,minor
785.jpeg,minor
869.jpeg,minor
93.jpeg,minor
1078.jpeg,minor
1164.jpeg,minor
123.jpeg,minor
1315.jpeg,minor
1397.jpeg,minor
1477.jpeg,minor
204.jpeg,minor
27.jpeg,minor
364.jpeg,minor
444.jpeg,minor
528.jpeg,minor
620.jpeg,minor
702.jpeg,minor
786.jpeg,minor
86.jpeg,minor
941.jpeg,minor
1079.jpeg,minor
1165.jpeg,minor
1240.jpeg,minor
1317.jpeg,minor
1399.jpeg,minor
1478.jpeg,minor
205.jpeg,minor
280.jpeg,minor
366.jpeg,minor
445.jpeg,minor
529.jpeg,minor
621.jpeg,minor
704.jpeg,minor
787.jpeg,minor
870.jpeg,minor
942.jpeg,minor